Order_ID,Order_Date,City,State,Region,Latitude,Longitude,Product,Category,Quantity,Distance_KM,Sales,Profit,Payment_Mode,Customer_Type,Delivery_Status
PDR1053,2025-01-01,Delhi,Delhi,North,28.632801,77.186306,Bike Delivery,Three Wheeler,3,11.1,77.21,-7.72,Wallet,Individual,Cancelled
PDR1200,2025-01-02,Pune,Maharashtra,West,18.486894,73.902615,Packers & Movers,Two Wheeler,1,24.1,501.86,122.88,UPI,Business,Delivered
PDR1005,2025-01-02,Pune,Maharashtra,West,18.59072,73.919872,Truck Delivery,Logistics,2,20.7,172.5,-17.25,UPI,Individual,Cancelled
PDR1283,2025-01-03,Delhi,Delhi,North,28.652603,77.264748,Truck Delivery,Two Wheeler,3,3.7,220.08,49.71,Card,Business,Delivered
PDR1490,2025-01-04,Mumbai,Maharashtra,West,19.08923,72.817557,Parcel Delivery,Logistics,2,7.5,155.23,-15.52,Wallet,Individual,Cancelled
PDR1024,2025-01-04,Delhi,Delhi,North,28.680278,77.188225,Tempo Delivery,Logistics,3,27.4,1230.38,356.64,Cash,Individual,Delivered
PDR1101,2025-01-04,Hyderabad,Telangana,South,17.342274,78.410604,Parcel Delivery,Four Wheeler,5,23.8,948.83,204.46,UPI,Business,Delivered
PDR1351,2025-01-06,Ahmedabad,Gujarat,West,23.069848,72.51942,Bike Delivery,Three Wheeler,3,33.0,886.26,235.68,Cash,Individual,Delivered
PDR1270,2025-01-06,Chennai,Tamil Nadu,South,13.129603,80.327306,Food Delivery,Four Wheeler,5,17.9,908.29,268.73,Wallet,Business,Delivered
PDR1127,2025-01-07,Kolkata,West Bengal,East,22.499121,88.31014,Parcel Delivery,Four Wheeler,3,31.5,1048.91,194.89,UPI,Individual,Delivered
PDR1426,2025-01-08,Bengaluru,Karnataka,South,12.974872,77.673733,Auto Delivery,Four Wheeler,2,6.8,607.47,122.54,Cash,Business,Delivered
PDR1058,2025-01-08,Kolkata,West Bengal,East,22.648298,88.38021,Food Delivery,Four Wheeler,4,8.0,727.2,140.61,Card,Individual,Delivered
PDR1075,2025-01-10,Hyderabad,Telangana,South,17.37812,78.503333,Mini Truck,Three Wheeler,5,30.9,747.88,122.16,Card,Individual,Delivered
PDR1179,2025-01-10,Hyderabad,Telangana,South,17.367184,78.432889,Tempo Delivery,Three Wheeler,1,32.6,666.13,133.91,Wallet,Business,Delivered
PDR1135,2025-01-10,Kolkata,West Bengal,East,22.625221,88.352842,Parcel Delivery,Four Wheeler,3,16.6,114.08,-11.41,Wallet,Business,Cancelled
PDR1384,2025-01-11,Pune,Maharashtra,West,18.485183,73.821135,Tempo Delivery,Four Wheeler,5,29.6,158.14,-15.81,Cash,Business,Cancelled
PDR1413,2025-01-11,Kolkata,West Bengal,East,22.585357,88.3392,Mini Truck,Three Wheeler,4,32.8,96.23,-9.62,Cash,Business,Cancelled
PDR1120,2025-01-12,Mumbai,Maharashtra,West,19.010586,72.822285,Auto Delivery,Two Wheeler,2,30.5,663.88,82.86,Card,Business,Delivered
PDR1387,2025-01-12,Chennai,Tamil Nadu,South,13.044202,80.204715,Auto Delivery,Four Wheeler,5,29.5,152.26,-15.23,UPI,Business,Cancelled
PDR1447,2025-01-13,Delhi,Delhi,North,28.566953,77.179123,Bike Delivery,Three Wheeler,2,21.0,562.06,63.17,Cash,Individual,Delivered
PDR1372,2025-01-14,Delhi,Delhi,North,28.683109,77.147983,Tempo Delivery,Three Wheeler,5,21.0,717.41,105.26,UPI,Business,Delivered
PDR1163,2025-01-14,Ahmedabad,Gujarat,West,23.098598,72.593956,Truck Delivery,Four Wheeler,1,12.6,635.22,99.18,Cash,Business,Delivered
PDR1400,2025-01-15,Chennai,Tamil Nadu,South,13.01708,80.286846,Packers & Movers,Three Wheeler,4,21.5,491.12,46.79,UPI,Business,Delivered
PDR1007,2025-01-15,Delhi,Delhi,North,28.580858,77.131253,Packers & Movers,Two Wheeler,5,4.5,49.28,-4.93,Card,Individual,Cancelled
PDR1418,2025-01-16,Pune,Maharashtra,West,18.49146,73.851886,Truck Delivery,Logistics,3,7.0,1029.69,201.0,Cash,Business,Delivered
PDR1374,2025-01-19,Ahmedabad,Gujarat,West,23.030606,72.555913,Parcel Delivery,Logistics,3,3.5,150.45,-15.04,Wallet,Business,Cancelled
PDR1155,2025-01-19,Ahmedabad,Gujarat,West,23.045746,72.58672,Food Delivery,Logistics,4,25.9,1255.38,173.59,Cash,Business,Delivered
PDR1040,2025-01-19,Chennai,Tamil Nadu,South,13.15471,80.342797,Tempo Delivery,Two Wheeler,1,3.8,325.42,48.89,Card,Business,Delivered
PDR1321,2025-01-20,Delhi,Delhi,North,28.631245,77.242061,Parcel Delivery,Three Wheeler,5,20.4,539.53,129.72,Wallet,Individual,Delivered
PDR1089,2025-01-20,Kolkata,West Bengal,East,22.644353,88.406077,Truck Delivery,Four Wheeler,5,13.4,771.68,111.73,Wallet,Individual,Delivered
PDR1196,2025-01-21,Pune,Maharashtra,West,18.546606,73.930843,Tempo Delivery,Three Wheeler,4,12.4,487.01,41.3,Card,Business,Delivered
PDR1458,2025-01-22,Delhi,Delhi,North,28.574964,77.249338,Packers & Movers,Two Wheeler,3,31.5,755.07,136.49,Cash,Individual,Delivered
PDR1371,2025-01-22,Delhi,Delhi,North,28.558866,77.262535,Bike Delivery,Four Wheeler,3,13.6,780.91,158.22,Wallet,Business,Delivered
PDR1320,2025-01-22,Pune,Maharashtra,West,18.544131,73.788557,Auto Delivery,Logistics,4,8.0,165.32,-16.53,UPI,Individual,Cancelled
PDR1381,2025-01-22,Ahmedabad,Gujarat,West,23.10212,72.521981,Tempo Delivery,Three Wheeler,1,15.2,557.89,140.39,UPI,Individual,Delivered
PDR1023,2025-01-22,Ahmedabad,Gujarat,West,23.034805,72.570203,Auto Delivery,Two Wheeler,5,18.1,509.62,97.12,Cash,Business,Delivered
PDR1488,2025-01-23,Bengaluru,Karnataka,South,13.011283,77.648445,Packers & Movers,Three Wheeler,5,19.7,590.27,114.5,UPI,Business,Delivered
PDR1471,2025-01-23,Delhi,Delhi,North,28.562555,77.191755,Parcel Delivery,Two Wheeler,2,8.9,370.17,33.12,Cash,Individual,Delivered
PDR1383,2025-01-25,Ahmedabad,Gujarat,West,22.950883,72.51694,Parcel Delivery,Logistics,2,31.6,1194.42,307.08,Wallet,Business,Delivered
PDR1063,2025-01-25,Pune,Maharashtra,West,18.454307,73.862637,Truck Delivery,Three Wheeler,1,13.3,499.15,94.67,UPI,Individual,Delivered
PDR1165,2025-01-25,Delhi,Delhi,North,28.583791,77.209983,Auto Delivery,Three Wheeler,4,4.6,55.44,-5.54,UPI,Individual,Cancelled
PDR1373,2025-01-26,Mumbai,Maharashtra,West,19.08595,72.912061,Bike Delivery,Four Wheeler,5,12.3,730.7,214.57,Cash,Individual,Delivered
PDR1220,2025-01-26,Kolkata,West Bengal,East,22.618808,88.386237,Tempo Delivery,Two Wheeler,4,16.6,69.29,-6.93,Card,Individual,Cancelled
PDR1267,2025-01-26,Hyderabad,Telangana,South,17.450027,78.432921,Mini Truck,Four Wheeler,1,27.8,913.74,179.09,Card,Individual,Delivered
PDR1229,2025-01-28,Mumbai,Maharashtra,West,19.154602,72.928902,Parcel Delivery,Two Wheeler,3,25.9,504.77,132.44,Cash,Business,Delivered
PDR1260,2025-01-28,Hyderabad,Telangana,South,17.430122,78.493709,Packers & Movers,Logistics,1,31.4,1252.94,327.18,Card,Individual,Delivered
PDR1176,2025-01-28,Hyderabad,Telangana,South,17.315994,78.474588,Tempo Delivery,Four Wheeler,3,7.7,100.74,-10.07,Card,Business,Cancelled
PDR1091,2025-01-29,Hyderabad,Telangana,South,17.32384,78.498943,Mini Truck,Three Wheeler,5,24.8,114.45,-11.45,UPI,Business,Cancelled
PDR1194,2025-01-31,Hyderabad,Telangana,South,17.312135,78.412506,Bike Delivery,Logistics,4,23.7,192.9,-19.29,Card,Individual,Cancelled
PDR1251,2025-01-31,Mumbai,Maharashtra,West,19.095965,72.809184,Food Delivery,Two Wheeler,1,25.8,95.04,-9.5,Wallet,Business,Cancelled
PDR1210,2025-02-03,Delhi,Delhi,North,28.59028,77.263632,Truck Delivery,Four Wheeler,1,26.4,857.62,185.76,Card,Business,Delivered
PDR1037,2025-02-04,Delhi,Delhi,North,28.578997,77.147906,Mini Truck,Four Wheeler,1,23.6,885.18,229.42,Cash,Business,Delivered
PDR1432,2025-02-04,Kolkata,West Bengal,East,22.556493,88.349448,Tempo Delivery,Four Wheeler,5,24.7,157.1,-15.71,Card,Business,Cancelled
PDR1489,2025-02-04,Pune,Maharashtra,West,18.456621,73.903403,Packers & Movers,Logistics,2,32.7,1330.37,346.91,Card,Individual,Delivered
PDR1247,2025-02-06,Mumbai,Maharashtra,West,19.108005,72.814405,Bike Delivery,Two Wheeler,5,26.9,654.24,179.64,Card,Individual,Delivered
PDR1077,2025-02-07,Chennai,Tamil Nadu,South,13.043662,80.306875,Auto Delivery,Three Wheeler,2,33.3,679.54,69.43,Card,Business,Delivered
PDR1213,2025-02-08,Hyderabad,Telangana,South,17.30503,78.433753,Bike Delivery,Logistics,1,28.0,1306.64,355.84,UPI,Business,Delivered
PDR1109,2025-02-09,Pune,Maharashtra,West,18.551714,73.784505,Parcel Delivery,Two Wheeler,1,20.2,376.35,30.53,UPI,Business,Delivered
PDR1326,2025-02-09,Ahmedabad,Gujarat,West,23.061821,72.580668,Bike Delivery,Four Wheeler,5,9.1,112.28,-11.23,UPI,Business,Cancelled
PDR1066,2025-02-09,Bengaluru,Karnataka,South,13.038383,77.515448,Parcel Delivery,Four Wheeler,5,34.4,131.92,-13.19,UPI,Individual,Cancelled
PDR1280,2025-02-10,Hyderabad,Telangana,South,17.455526,78.487807,Packers & Movers,Two Wheeler,3,21.6,408.93,38.92,Card,Individual,Delivered
PDR1498,2025-02-11,Ahmedabad,Gujarat,West,22.993386,72.639343,Truck Delivery,Two Wheeler,3,24.6,436.36,61.97,Cash,Individual,Delivered
PDR1238,2025-02-11,Bengaluru,Karnataka,South,12.929206,77.64751,Tempo Delivery,Four Wheeler,2,10.6,623.5,142.8,Wallet,Individual,Delivered
PDR1175,2025-02-12,Ahmedabad,Gujarat,West,23.004515,72.565312,Parcel Delivery,Two Wheeler,1,4.4,180.03,34.55,Wallet,Individual,Delivered
PDR1012,2025-02-13,Hyderabad,Telangana,South,17.362008,78.551793,Truck Delivery,Logistics,4,31.5,209.24,-20.92,Cash,Individual,Cancelled
PDR1265,2025-02-14,Kolkata,West Bengal,East,22.568344,88.293455,Auto Delivery,Two Wheeler,3,12.0,275.84,58.68,Wallet,Business,Delivered
PDR1412,2025-02-15,Bengaluru,Karnataka,South,13.046248,77.615099,Packers & Movers,Four Wheeler,5,12.4,723.57,106.12,Wallet,Individual,Delivered
PDR1050,2025-02-15,Hyderabad,Telangana,South,17.31824,78.546966,Packers & Movers,Logistics,3,29.1,1470.79,415.08,Card,Individual,Delivered
PDR1415,2025-02-16,Chennai,Tamil Nadu,South,13.119579,80.212357,Tempo Delivery,Three Wheeler,5,16.6,529.01,90.61,Cash,Individual,Delivered
PDR1395,2025-02-16,Hyderabad,Telangana,South,17.321455,78.426853,Bike Delivery,Logistics,4,27.8,208.02,-20.8,Wallet,Business,Cancelled
PDR1303,2025-02-16,Delhi,Delhi,North,28.590678,77.196963,Parcel Delivery,Four Wheeler,1,9.1,96.31,-9.63,UPI,Business,Cancelled
PDR1479,2025-02-16,Bengaluru,Karnataka,South,12.927917,77.633625,Auto Delivery,Logistics,3,3.8,145.83,-14.58,Wallet,Business,Cancelled
PDR1076,2025-02-16,Ahmedabad,Gujarat,West,23.057089,72.587245,Packers & Movers,Two Wheeler,4,25.8,621.93,127.13,Wallet,Individual,Delivered
PDR1323,2025-02-17,Delhi,Delhi,North,28.65418,77.25748,Parcel Delivery,Logistics,1,21.2,179.5,-17.95,UPI,Business,Cancelled
PDR1083,2025-02-18,Kolkata,West Bengal,East,22.636289,88.316722,Auto Delivery,Two Wheeler,1,12.2,51.87,-5.19,Cash,Individual,Cancelled
PDR1481,2025-02-18,Kolkata,West Bengal,East,22.579735,88.290471,Tempo Delivery,Four Wheeler,2,14.0,864.89,133.74,UPI,Business,Delivered
PDR1182,2025-02-19,Kolkata,West Bengal,East,22.573938,88.331508,Tempo Delivery,Logistics,3,7.0,997.85,209.43,Card,Individual,Delivered
PDR1494,2025-02-20,Bengaluru,Karnataka,South,12.96896,77.583264,Food Delivery,Three Wheeler,2,24.2,580.36,76.64,Wallet,Business,Delivered
PDR1487,2025-02-20,Chennai,Tamil Nadu,South,13.059675,80.299562,Packers & Movers,Three Wheeler,3,13.2,76.91,-7.69,Card,Business,Cancelled
PDR1268,2025-02-21,Mumbai,Maharashtra,West,18.997255,72.898647,Parcel Delivery,Two Wheeler,4,19.8,407.0,45.75,Card,Business,Delivered
PDR1142,2025-02-22,Kolkata,West Bengal,East,22.500314,88.440248,Food Delivery,Logistics,5,21.0,168.53,-16.85,Cash,Individual,Cancelled
PDR1252,2025-02-22,Chennai,Tamil Nadu,South,13.143819,80.322504,Truck Delivery,Three Wheeler,4,6.7,423.55,48.66,Card,Individual,Delivered
PDR1026,2025-02-23,Mumbai,Maharashtra,West,19.018413,72.880633,Parcel Delivery,Three Wheeler,2,32.7,593.87,176.86,UPI,Business,Delivered
PDR1085,2025-02-24,Hyderabad,Telangana,South,17.43312,78.563329,Auto Delivery,Two Wheeler,3,14.3,57.49,-5.75,Wallet,Business,Cancelled
PDR1167,2025-02-25,Bengaluru,Karnataka,South,12.940124,77.530767,Packers & Movers,Three Wheeler,1,16.2,67.16,-6.72,Wallet,Business,Cancelled
PDR1462,2025-02-25,Pune,Maharashtra,West,18.570812,73.917092,Auto Delivery,Three Wheeler,1,14.9,566.53,130.89,UPI,Individual,Delivered
PDR1117,2025-02-27,Kolkata,West Bengal,East,22.51878,88.41107,Tempo Delivery,Logistics,2,7.2,1083.54,194.28,Cash,Individual,Delivered
PDR1090,2025-02-28,Pune,Maharashtra,West,18.481662,73.798997,Auto Delivery,Three Wheeler,1,18.0,620.08,136.02,Card,Business,Delivered
PDR1338,2025-02-28,Ahmedabad,Gujarat,West,23.020659,72.555702,Parcel Delivery,Two Wheeler,3,17.0,449.33,88.92,Cash,Business,Delivered
PDR1071,2025-03-01,Ahmedabad,Gujarat,West,22.972325,72.529111,Food Delivery,Logistics,5,6.6,993.52,259.83,UPI,Business,Delivered
PDR1222,2025-03-02,Mumbai,Maharashtra,West,19.049016,72.874827,Bike Delivery,Three Wheeler,4,21.9,687.36,201.9,Wallet,Business,Delivered
PDR1199,2025-03-02,Mumbai,Maharashtra,West,19.094064,72.833884,Auto Delivery,Two Wheeler,5,30.4,612.41,122.94,UPI,Individual,Delivered
PDR1334,2025-03-02,Bengaluru,Karnataka,South,12.982718,77.653546,Truck Delivery,Two Wheeler,5,27.0,574.45,119.11,Card,Business,Delivered
PDR1067,2025-03-03,Chennai,Tamil Nadu,South,13.032627,80.242489,Food Delivery,Logistics,1,25.7,1269.83,316.55,Card,Business,Delivered
PDR1307,2025-03-04,Hyderabad,Telangana,South,17.383575,78.555038,Mini Truck,Three Wheeler,3,21.8,580.87,53.65,Card,Individual,Delivered
PDR1359,2025-03-04,Mumbai,Maharashtra,West,19.046808,72.933397,Tempo Delivery,Two Wheeler,3,23.0,82.93,-8.29,Card,Individual,Cancelled
PDR1232,2025-03-04,Hyderabad,Telangana,South,17.367876,78.49083,Bike Delivery,Four Wheeler,3,21.2,126.37,-12.64,UPI,Business,Cancelled
PDR1325,2025-03-05,Kolkata,West Bengal,East,22.558995,88.397944,Packers & Movers,Four Wheeler,2,31.3,1030.1,151.96,Wallet,Business,Delivered
PDR1299,2025-03-06,Bengaluru,Karnataka,South,12.892669,77.638168,Mini Truck,Logistics,3,5.5,1044.78,299.43,Wallet,Business,Delivered
PDR1271,2025-03-09,Chennai,Tamil Nadu,South,13.044227,80.260619,Auto Delivery,Two Wheeler,3,18.4,495.45,101.72,Card,Individual,Delivered
PDR1430,2025-03-09,Hyderabad,Telangana,South,17.459105,78.425061,Bike Delivery,Logistics,1,5.2,155.29,-15.53,Cash,Individual,Cancelled
PDR1108,2025-03-09,Kolkata,West Bengal,East,22.568868,88.291,Bike Delivery,Two Wheeler,5,5.0,39.16,-3.92,UPI,Business,Cancelled
PDR1041,2025-03-10,Kolkata,West Bengal,East,22.618939,88.298493,Packers & Movers,Logistics,3,21.9,1186.24,301.48,UPI,Business,Delivered
PDR1057,2025-03-10,Mumbai,Maharashtra,West,19.008138,72.818321,Truck Delivery,Logistics,2,22.5,1147.45,152.42,Card,Business,Delivered
PDR1366,2025-03-11,Ahmedabad,Gujarat,West,23.073857,72.582057,Mini Truck,Two Wheeler,1,3.5,177.75,50.65,Card,Business,Delivered
PDR1420,2025-03-11,Pune,Maharashtra,West,18.442079,73.91991,Food Delivery,Two Wheeler,4,3.3,252.06,75.38,UPI,Individual,Delivered
PDR1442,2025-03-11,Chennai,Tamil Nadu,South,13.095336,80.193037,Mini Truck,Two Wheeler,1,4.7,205.78,48.83,Cash,Individual,Delivered
PDR1193,2025-03-11,Ahmedabad,Gujarat,West,22.943625,72.500565,Truck Delivery,Two Wheeler,2,4.7,281.32,70.79,UPI,Business,Delivered
PDR1357,2025-03-13,Chennai,Tamil Nadu,South,13.093654,80.294943,Bike Delivery,Two Wheeler,3,7.7,343.04,31.63,Cash,Business,Delivered
PDR1288,2025-03-14,Pune,Maharashtra,West,18.556729,73.866632,Bike Delivery,Four Wheeler,5,9.0,663.89,155.52,Card,Business,Delivered
PDR1302,2025-03-14,Kolkata,West Bengal,East,22.604739,88.316544,Packers & Movers,Logistics,3,2.3,977.82,222.5,Card,Individual,Delivered
PDR1439,2025-03-16,Chennai,Tamil Nadu,South,13.007649,80.305006,Packers & Movers,Three Wheeler,2,33.1,100.28,-10.03,Wallet,Individual,Cancelled
PDR1406,2025-03-16,Hyderabad,Telangana,South,17.356204,78.482934,Auto Delivery,Four Wheeler,3,19.6,977.41,177.93,Cash,Individual,Delivered
PDR1092,2025-03-17,Mumbai,Maharashtra,West,19.036117,72.898996,Bike Delivery,Two Wheeler,5,2.4,288.49,69.55,Cash,Individual,Delivered
PDR1221,2025-03-17,Hyderabad,Telangana,South,17.386003,78.508157,Truck Delivery,Logistics,5,34.0,1259.33,306.76,UPI,Business,Delivered
PDR1455,2025-03-20,Chennai,Tamil Nadu,South,13.140858,80.211866,Parcel Delivery,Three Wheeler,3,24.4,667.13,145.78,Wallet,Business,Delivered
PDR1253,2025-03-20,Mumbai,Maharashtra,West,19.090958,72.941016,Bike Delivery,Logistics,1,2.0,133.92,-13.39,Wallet,Business,Cancelled
PDR1470,2025-03-22,Pune,Maharashtra,West,18.527927,73.790691,Packers & Movers,Three Wheeler,5,29.4,765.26,87.45,UPI,Business,Delivered
PDR1459,2025-03-22,Pune,Maharashtra,West,18.516993,73.914632,Food Delivery,Three Wheeler,1,16.4,610.5,125.5,UPI,Individual,Delivered
PDR1129,2025-03-23,Ahmedabad,Gujarat,West,22.974427,72.600237,Truck Delivery,Four Wheeler,2,23.6,853.17,190.32,Cash,Business,Delivered
PDR1500,2025-03-23,Bengaluru,Karnataka,South,12.983706,77.534778,Truck Delivery,Logistics,5,30.4,1315.93,375.26,Wallet,Business,Delivered
PDR1215,2025-03-24,Chennai,Tamil Nadu,South,13.118967,80.23946,Food Delivery,Four Wheeler,3,29.3,1066.82,311.32,Card,Individual,Delivered
PDR1033,2025-03-27,Pune,Maharashtra,West,18.552985,73.852568,Tempo Delivery,Logistics,1,13.3,991.79,266.0,UPI,Business,Delivered
PDR1099,2025-03-27,Kolkata,West Bengal,East,22.647969,88.434983,Packers & Movers,Three Wheeler,2,12.3,495.57,140.43,UPI,Individual,Delivered
PDR1128,2025-03-28,Pune,Maharashtra,West,18.559485,73.916193,Truck Delivery,Three Wheeler,4,7.3,432.73,79.38,Cash,Individual,Delivered
PDR1403,2025-03-28,Hyderabad,Telangana,South,17.384835,78.457622,Bike Delivery,Logistics,5,13.3,997.52,180.9,Card,Business,Delivered
PDR1485,2025-03-28,Pune,Maharashtra,West,18.577514,73.926894,Bike Delivery,Three Wheeler,5,23.9,112.33,-11.23,Card,Business,Cancelled
PDR1287,2025-03-29,Hyderabad,Telangana,South,17.32502,78.542775,Bike Delivery,Two Wheeler,2,25.0,583.22,62.32,Cash,Individual,Delivered
PDR1451,2025-03-31,Chennai,Tamil Nadu,South,13.052767,80.328061,Food Delivery,Two Wheeler,5,24.5,525.83,151.47,Cash,Individual,Delivered
PDR1059,2025-04-02,Delhi,Delhi,North,28.676975,77.1496,Mini Truck,Two Wheeler,2,7.8,226.21,35.81,UPI,Individual,Delivered
PDR1276,2025-04-03,Mumbai,Maharashtra,West,19.08834,72.854839,Bike Delivery,Logistics,1,23.0,1069.43,309.28,UPI,Individual,Delivered
PDR1444,2025-04-03,Pune,Maharashtra,West,18.448275,73.813673,Mini Truck,Four Wheeler,5,2.6,579.11,158.41,Cash,Business,Delivered
PDR1070,2025-04-05,Kolkata,West Bengal,East,22.642734,88.312897,Food Delivery,Four Wheeler,1,30.1,1032.53,248.62,Card,Individual,Delivered
PDR1039,2025-04-06,Pune,Maharashtra,West,18.584808,73.85754,Parcel Delivery,Two Wheeler,5,9.9,390.09,40.06,Wallet,Individual,Delivered
PDR1014,2025-04-06,Bengaluru,Karnataka,South,12.931885,77.59416,Auto Delivery,Three Wheeler,1,15.3,67.18,-6.72,Cash,Individual,Cancelled
PDR1203,2025-04-07,Bengaluru,Karnataka,South,12.906545,77.585172,Truck Delivery,Logistics,2,18.4,1118.56,187.27,Card,Business,Delivered
PDR1472,2025-04-07,Delhi,Delhi,North,28.618878,77.248315,Parcel Delivery,Three Wheeler,5,13.3,496.76,88.95,UPI,Business,Delivered
PDR1423,2025-04-08,Pune,Maharashtra,West,18.53617,73.842963,Bike Delivery,Logistics,5,4.2,1033.72,261.09,Wallet,Individual,Delivered
PDR1231,2025-04-09,Chennai,Tamil Nadu,South,13.038905,80.252178,Mini Truck,Four Wheeler,5,11.1,111.49,-11.15,Card,Business,Cancelled
PDR1454,2025-04-09,Hyderabad,Telangana,South,17.421059,78.424714,Food Delivery,Four Wheeler,4,17.5,902.59,246.81,UPI,Business,Delivered
PDR1009,2025-04-09,Chennai,Tamil Nadu,South,13.138526,80.306177,Packers & Movers,Logistics,4,23.0,1314.17,386.07,Card,Individual,Delivered
PDR1034,2025-04-10,Ahmedabad,Gujarat,West,22.949749,72.551338,Parcel Delivery,Two Wheeler,1,17.3,397.54,87.35,UPI,Individual,Delivered
PDR1214,2025-04-10,Chennai,Tamil Nadu,South,13.00558,80.258131,Food Delivery,Three Wheeler,5,20.0,652.83,121.03,UPI,Business,Delivered
PDR1259,2025-04-10,Bengaluru,Karnataka,South,12.995862,77.632776,Auto Delivery,Three Wheeler,5,26.9,84.02,-8.4,Wallet,Business,Cancelled
PDR1486,2025-04-10,Ahmedabad,Gujarat,West,22.971047,72.508705,Auto Delivery,Three Wheeler,3,13.3,72.33,-7.23,Wallet,Individual,Cancelled
PDR1206,2025-04-11,Hyderabad,Telangana,South,17.385833,78.56144,Tempo Delivery,Logistics,4,28.4,1482.01,380.57,Card,Individual,Delivered
PDR1275,2025-04-11,Ahmedabad,Gujarat,West,22.967109,72.649814,Food Delivery,Four Wheeler,3,3.0,641.17,178.44,UPI,Individual,Delivered
PDR1274,2025-04-11,Delhi,Delhi,North,28.663193,77.157462,Truck Delivery,Three Wheeler,4,32.6,105.62,-10.56,Card,Business,Cancelled
PDR1446,2025-04-13,Ahmedabad,Gujarat,West,22.966802,72.543969,Parcel Delivery,Logistics,5,32.8,1331.38,150.85,Card,Individual,Delivered
PDR1100,2025-04-13,Chennai,Tamil Nadu,South,13.114106,80.24508,Parcel Delivery,Logistics,1,23.5,1212.2,117.5,Card,Individual,Delivered
PDR1030,2025-04-13,Hyderabad,Telangana,South,17.421175,78.562836,Packers & Movers,Logistics,4,29.8,1213.91,267.34,Wallet,Business,Delivered
PDR1096,2025-04-14,Mumbai,Maharashtra,West,19.107151,72.841243,Packers & Movers,Two Wheeler,2,17.2,45.23,-4.52,UPI,Business,Cancelled
PDR1473,2025-04-15,Kolkata,West Bengal,East,22.588035,88.414201,Tempo Delivery,Three Wheeler,1,20.5,711.32,80.15,UPI,Business,Delivered
PDR1347,2025-04-16,Ahmedabad,Gujarat,West,23.017839,72.596369,Tempo Delivery,Three Wheeler,5,34.7,918.27,179.07,Wallet,Business,Delivered
PDR1137,2025-04-18,Hyderabad,Telangana,South,17.313271,78.5091,Parcel Delivery,Four Wheeler,3,5.7,578.97,75.76,Card,Business,Delivered
PDR1379,2025-04-18,Pune,Maharashtra,West,18.522655,73.826055,Food Delivery,Two Wheeler,4,27.3,555.76,103.64,Wallet,Business,Delivered
PDR1183,2025-04-18,Delhi,Delhi,North,28.66378,77.247674,Parcel Delivery,Three Wheeler,1,27.1,90.72,-9.07,Card,Individual,Cancelled
PDR1153,2025-04-18,Delhi,Delhi,North,28.631035,77.216472,Bike Delivery,Four Wheeler,2,17.6,770.01,170.35,UPI,Individual,Delivered
PDR1279,2025-04-19,Bengaluru,Karnataka,South,13.016458,77.590814,Mini Truck,Logistics,4,16.2,1254.43,216.11,Card,Business,Delivered
PDR1328,2025-04-20,Delhi,Delhi,North,28.658384,77.250736,Truck Delivery,Logistics,5,23.6,1252.05,324.64,UPI,Business,Delivered
PDR1497,2025-04-20,Pune,Maharashtra,West,18.595612,73.915111,Food Delivery,Two Wheeler,5,31.2,518.38,151.67,Card,Individual,Delivered
PDR1449,2025-04-21,Mumbai,Maharashtra,West,19.144193,72.93711,Auto Delivery,Two Wheeler,3,10.2,367.16,73.47,UPI,Business,Delivered
PDR1499,2025-04-22,Ahmedabad,Gujarat,West,23.031975,72.573759,Bike Delivery,Three Wheeler,5,7.4,388.36,103.87,Wallet,Business,Delivered
PDR1088,2025-04-22,Kolkata,West Bengal,East,22.547291,88.325408,Tempo Delivery,Two Wheeler,5,30.9,684.42,177.84,UPI,Individual,Delivered
PDR1021,2025-04-23,Ahmedabad,Gujarat,West,23.098286,72.536827,Tempo Delivery,Logistics,4,31.7,1307.13,374.92,UPI,Business,Delivered
PDR1333,2025-04-24,Chennai,Tamil Nadu,South,13.152846,80.25707,Parcel Delivery,Three Wheeler,1,27.2,625.39,50.77,Cash,Business,Delivered
PDR1474,2025-04-25,Mumbai,Maharashtra,West,19.054,72.92954,Mini Truck,Two Wheeler,2,20.6,86.86,-8.69,Cash,Business,Cancelled
PDR1365,2025-04-26,Delhi,Delhi,North,28.555834,77.246421,Truck Delivery,Two Wheeler,5,26.3,530.48,153.3,Cash,Individual,Delivered
PDR1013,2025-04-26,Bengaluru,Karnataka,South,13.00239,77.557706,Bike Delivery,Three Wheeler,5,30.4,596.82,111.4,Wallet,Individual,Delivered
PDR1125,2025-04-26,Chennai,Tamil Nadu,South,13.134131,80.197289,Packers & Movers,Two Wheeler,2,15.1,360.3,83.77,Wallet,Individual,Delivered
PDR1189,2025-04-27,Chennai,Tamil Nadu,South,13.040437,80.250128,Food Delivery,Three Wheeler,4,19.1,537.52,129.98,Cash,Individual,Delivered
PDR1431,2025-04-28,Delhi,Delhi,North,28.658961,77.198928,Truck Delivery,Two Wheeler,2,28.3,634.72,97.14,Card,Individual,Delivered
PDR1054,2025-04-28,Pune,Maharashtra,West,18.567091,73.871093,Mini Truck,Three Wheeler,3,19.2,674.49,67.08,Card,Individual,Delivered
PDR1342,2025-04-29,Hyderabad,Telangana,South,17.431306,78.473295,Packers & Movers,Four Wheeler,4,29.0,1120.55,225.69,UPI,Business,Delivered
PDR1266,2025-04-29,Hyderabad,Telangana,South,17.317097,78.465209,Auto Delivery,Three Wheeler,5,19.5,97.98,-9.8,Card,Business,Cancelled
PDR1350,2025-04-30,Chennai,Tamil Nadu,South,13.048413,80.33904,Food Delivery,Four Wheeler,4,7.5,702.78,183.89,Wallet,Individual,Delivered
PDR1216,2025-04-30,Hyderabad,Telangana,South,17.395747,78.452113,Parcel Delivery,Four Wheeler,5,19.8,108.21,-10.82,UPI,Individual,Cancelled
PDR1195,2025-04-30,Kolkata,West Bengal,East,22.517621,88.420394,Food Delivery,Logistics,2,11.0,1094.5,152.13,Card,Business,Delivered
PDR1250,2025-04-30,Ahmedabad,Gujarat,West,23.099137,72.587959,Food Delivery,Four Wheeler,3,2.7,665.26,146.96,Cash,Individual,Delivered
PDR1031,2025-04-30,Chennai,Tamil Nadu,South,13.07123,80.30086,Bike Delivery,Four Wheeler,3,16.5,658.49,64.4,Cash,Business,Delivered
PDR1042,2025-05-02,Kolkata,West Bengal,East,22.614442,88.382815,Parcel Delivery,Three Wheeler,5,26.3,732.79,81.68,Cash,Business,Delivered
PDR1322,2025-05-02,Hyderabad,Telangana,South,17.382438,78.40755,Tempo Delivery,Logistics,3,32.7,204.3,-20.43,Wallet,Business,Cancelled
PDR1126,2025-05-03,Ahmedabad,Gujarat,West,23.094076,72.591449,Packers & Movers,Four Wheeler,1,32.9,866.08,247.48,Wallet,Business,Delivered
PDR1297,2025-05-04,Bengaluru,Karnataka,South,13.043828,77.562167,Mini Truck,Logistics,2,24.8,1177.45,113.78,UPI,Business,Delivered
PDR1491,2025-05-05,Pune,Maharashtra,West,18.493911,73.85979,Food Delivery,Three Wheeler,3,18.1,464.12,91.11,UPI,Individual,Delivered
PDR1237,2025-05-06,Delhi,Delhi,North,28.622494,77.215673,Tempo Delivery,Two Wheeler,4,3.0,301.42,34.34,UPI,Individual,Delivered
PDR1264,2025-05-06,Kolkata,West Bengal,East,22.600693,88.371414,Bike Delivery,Logistics,4,2.0,972.5,265.92,Wallet,Individual,Delivered
PDR1434,2025-05-07,Pune,Maharashtra,West,18.599844,73.798335,Mini Truck,Four Wheeler,3,17.2,127.57,-12.76,Wallet,Individual,Cancelled
PDR1493,2025-05-09,Ahmedabad,Gujarat,West,23.078854,72.497949,Parcel Delivery,Four Wheeler,2,26.3,119.48,-11.95,UPI,Individual,Cancelled
PDR1173,2025-05-09,Ahmedabad,Gujarat,West,23.067487,72.623421,Bike Delivery,Two Wheeler,2,16.4,430.69,58.43,Card,Business,Delivered
PDR1475,2025-05-10,Chennai,Tamil Nadu,South,13.006756,80.301108,Mini Truck,Four Wheeler,4,19.1,115.44,-11.54,Cash,Individual,Cancelled
PDR1313,2025-05-14,Delhi,Delhi,North,28.651086,77.270066,Packers & Movers,Three Wheeler,4,19.0,474.36,81.17,UPI,Business,Delivered
PDR1422,2025-05-15,Chennai,Tamil Nadu,South,13.010438,80.321978,Tempo Delivery,Three Wheeler,3,17.2,101.06,-10.11,Wallet,Individual,Cancelled
PDR1149,2025-05-16,Kolkata,West Bengal,East,22.624308,88.367497,Tempo Delivery,Logistics,2,22.1,184.99,-18.5,Card,Individual,Cancelled
PDR1477,2025-05-17,Mumbai,Maharashtra,West,19.110351,72.836135,Food Delivery,Logistics,4,32.6,196.31,-19.63,UPI,Individual,Cancelled
PDR1315,2025-05-17,Ahmedabad,Gujarat,West,22.975087,72.543808,Packers & Movers,Four Wheeler,1,16.2,824.73,202.71,Cash,Business,Delivered
PDR1069,2025-05-18,Ahmedabad,Gujarat,West,23.064136,72.586702,Packers & Movers,Three Wheeler,4,8.7,421.46,96.91,Wallet,Business,Delivered
PDR1367,2025-05-18,Bengaluru,Karnataka,South,12.908313,77.606897,Mini Truck,Logistics,1,33.1,178.16,-17.82,Card,Individual,Cancelled
PDR1068,2025-05-20,Mumbai,Maharashtra,West,19.047303,72.892721,Bike Delivery,Logistics,1,22.2,1183.05,337.22,UPI,Business,Delivered
PDR1255,2025-05-21,Pune,Maharashtra,West,18.447167,73.867041,Tempo Delivery,Four Wheeler,3,32.0,1021.71,107.82,Wallet,Individual,Delivered
PDR1151,2025-05-21,Delhi,Delhi,North,28.591624,77.273943,Parcel Delivery,Three Wheeler,5,31.2,630.45,74.68,Wallet,Business,Delivered
PDR1048,2025-05-24,Chennai,Tamil Nadu,South,13.101921,80.235081,Tempo Delivery,Three Wheeler,1,32.2,854.4,154.0,Wallet,Business,Delivered
PDR1318,2025-05-24,Ahmedabad,Gujarat,West,23.077432,72.569015,Truck Delivery,Three Wheeler,1,26.1,776.16,202.35,Card,Business,Delivered
PDR1084,2025-05-24,Delhi,Delhi,North,28.610874,77.208522,Food Delivery,Two Wheeler,3,4.2,269.63,53.27,Card,Individual,Delivered
PDR1340,2025-05-24,Ahmedabad,Gujarat,West,23.002571,72.619412,Truck Delivery,Logistics,3,9.0,170.06,-17.01,Wallet,Individual,Cancelled
PDR1375,2025-05-25,Ahmedabad,Gujarat,West,23.047806,72.502617,Packers & Movers,Logistics,3,33.8,1385.51,316.84,Card,Business,Delivered
PDR1141,2025-05-25,Pune,Maharashtra,West,18.567682,73.923688,Mini Truck,Three Wheeler,2,30.7,105.75,-10.58,Cash,Individual,Cancelled
PDR1438,2025-05-28,Delhi,Delhi,North,28.534934,77.208398,Parcel Delivery,Two Wheeler,5,32.1,513.52,73.64,Cash,Individual,Delivered
PDR1181,2025-05-29,Kolkata,West Bengal,East,22.499508,88.31027,Packers & Movers,Three Wheeler,4,3.8,428.01,122.51,Cash,Individual,Delivered
PDR1080,2025-05-29,Bengaluru,Karnataka,South,12.955307,77.600583,Parcel Delivery,Logistics,1,26.6,1237.77,189.84,Card,Business,Delivered
PDR1065,2025-05-30,Delhi,Delhi,North,28.662838,77.137905,Bike Delivery,Two Wheeler,5,7.0,235.71,23.41,Cash,Individual,Delivered
PDR1401,2025-05-30,Ahmedabad,Gujarat,West,23.069251,72.599618,Truck Delivery,Three Wheeler,4,34.7,919.68,255.72,Wallet,Business,Delivered
PDR1082,2025-05-30,Mumbai,Maharashtra,West,19.069438,72.886869,Parcel Delivery,Two Wheeler,2,2.4,30.01,-3.0,UPI,Business,Cancelled
PDR1029,2025-05-30,Kolkata,West Bengal,East,22.51293,88.367459,Packers & Movers,Three Wheeler,2,30.4,604.71,96.3,Cash,Business,Delivered
PDR1402,2025-05-31,Pune,Maharashtra,West,18.460844,73.847479,Tempo Delivery,Three Wheeler,5,11.0,72.69,-7.27,UPI,Business,Cancelled
PDR1310,2025-06-02,Pune,Maharashtra,West,18.541555,73.836463,Auto Delivery,Logistics,5,12.2,180.37,-18.04,UPI,Individual,Cancelled
PDR1242,2025-06-03,Mumbai,Maharashtra,West,19.079591,72.887734,Tempo Delivery,Four Wheeler,4,18.0,891.86,167.77,Card,Individual,Delivered
PDR1272,2025-06-03,Kolkata,West Bengal,East,22.576034,88.440269,Food Delivery,Three Wheeler,4,29.4,780.15,227.2,Card,Business,Delivered
PDR1197,2025-06-03,Kolkata,West Bengal,East,22.597268,88.315596,Mini Truck,Two Wheeler,4,28.0,608.07,82.96,Wallet,Individual,Delivered
PDR1208,2025-06-03,Mumbai,Maharashtra,West,19.109639,72.847996,Mini Truck,Logistics,5,34.1,1289.17,256.51,Card,Business,Delivered
PDR1336,2025-06-04,Bengaluru,Karnataka,South,13.003142,77.618382,Mini Truck,Two Wheeler,2,5.6,325.03,75.41,UPI,Business,Delivered
PDR1112,2025-06-04,Pune,Maharashtra,West,18.441223,73.907892,Parcel Delivery,Logistics,4,7.2,1103.08,301.58,Cash,Business,Delivered
PDR1421,2025-06-04,Hyderabad,Telangana,South,17.375377,78.509733,Food Delivery,Three Wheeler,1,30.8,562.11,61.31,Cash,Business,Delivered
PDR1354,2025-06-05,Kolkata,West Bengal,East,22.652529,88.407012,Bike Delivery,Two Wheeler,1,25.2,603.1,127.45,Cash,Business,Delivered
PDR1074,2025-06-06,Hyderabad,Telangana,South,17.418117,78.531272,Parcel Delivery,Four Wheeler,1,19.6,952.41,233.84,Cash,Business,Delivered
PDR1218,2025-06-07,Ahmedabad,Gujarat,West,22.982869,72.526636,Food Delivery,Two Wheeler,4,21.2,640.43,144.06,Wallet,Individual,Delivered
PDR1207,2025-06-07,Kolkata,West Bengal,East,22.494617,88.373461,Packers & Movers,Two Wheeler,5,12.7,505.4,58.47,Cash,Business,Delivered
PDR1377,2025-06-08,Ahmedabad,Gujarat,West,23.089127,72.593066,Tempo Delivery,Four Wheeler,1,12.3,107.75,-10.78,Cash,Business,Cancelled
PDR1150,2025-06-08,Hyderabad,Telangana,South,17.318926,78.53722,Parcel Delivery,Three Wheeler,1,20.7,95.03,-9.5,Wallet,Business,Cancelled
PDR1020,2025-06-09,Hyderabad,Telangana,South,17.448538,78.548634,Packers & Movers,Two Wheeler,3,8.2,48.98,-4.9,Wallet,Individual,Cancelled
PDR1124,2025-06-09,Hyderabad,Telangana,South,17.316587,78.492179,Food Delivery,Two Wheeler,4,25.2,72.6,-7.26,Cash,Individual,Cancelled
PDR1166,2025-06-09,Hyderabad,Telangana,South,17.429922,78.480268,Food Delivery,Four Wheeler,5,2.6,597.54,55.87,UPI,Business,Delivered
PDR1483,2025-06-10,Pune,Maharashtra,West,18.55482,73.929842,Parcel Delivery,Three Wheeler,2,2.9,49.36,-4.94,UPI,Business,Cancelled
PDR1249,2025-06-11,Pune,Maharashtra,West,18.487646,73.813881,Bike Delivery,Logistics,2,10.0,1008.15,170.01,Card,Individual,Delivered
PDR1370,2025-06-11,Delhi,Delhi,North,28.574357,77.221421,Parcel Delivery,Logistics,4,2.9,928.94,199.79,UPI,Business,Delivered
PDR1314,2025-06-11,Kolkata,West Bengal,East,22.530073,88.319029,Tempo Delivery,Logistics,1,9.0,983.36,163.26,Wallet,Business,Delivered
PDR1094,2025-06-13,Ahmedabad,Gujarat,West,23.092393,72.608612,Auto Delivery,Four Wheeler,1,25.8,1006.79,227.54,Cash,Business,Delivered
PDR1414,2025-06-13,Delhi,Delhi,North,28.673525,77.201334,Bike Delivery,Four Wheeler,3,23.7,999.31,286.83,Cash,Individual,Delivered
PDR1171,2025-06-13,Delhi,Delhi,North,28.576463,77.152878,Auto Delivery,Two Wheeler,1,5.6,41.87,-4.19,UPI,Business,Cancelled
PDR1261,2025-06-14,Pune,Maharashtra,West,18.493239,73.921671,Packers & Movers,Three Wheeler,2,2.6,361.94,87.58,Wallet,Business,Delivered
PDR1240,2025-06-14,Ahmedabad,Gujarat,West,23.096745,72.636913,Tempo Delivery,Three Wheeler,5,6.9,493.55,64.21,Card,Business,Delivered
PDR1392,2025-06-14,Kolkata,West Bengal,East,22.650747,88.440265,Tempo Delivery,Three Wheeler,2,3.2,341.48,39.05,UPI,Individual,Delivered
PDR1345,2025-06-15,Hyderabad,Telangana,South,17.397912,78.487581,Mini Truck,Four Wheeler,2,29.4,1039.37,114.51,UPI,Business,Delivered
PDR1122,2025-06-15,Hyderabad,Telangana,South,17.354658,78.479535,Bike Delivery,Logistics,1,7.3,1011.59,258.42,Wallet,Individual,Delivered
PDR1043,2025-06-17,Kolkata,West Bengal,East,22.650462,88.343783,Packers & Movers,Three Wheeler,2,15.1,556.0,54.86,Cash,Business,Delivered
PDR1437,2025-06-19,Kolkata,West Bengal,East,22.619999,88.401504,Tempo Delivery,Logistics,2,3.4,957.26,196.07,Wallet,Individual,Delivered
PDR1461,2025-06-20,Delhi,Delhi,North,28.680755,77.146285,Tempo Delivery,Three Wheeler,3,22.5,95.58,-9.56,UPI,Individual,Cancelled
PDR1355,2025-06-20,Chennai,Tamil Nadu,South,13.148397,80.272277,Packers & Movers,Three Wheeler,5,27.2,600.49,129.3,Card,Individual,Delivered
PDR1011,2025-06-20,Kolkata,West Bengal,East,22.592497,88.331201,Parcel Delivery,Two Wheeler,5,9.6,264.76,72.47,Cash,Business,Delivered
PDR1045,2025-06-22,Kolkata,West Bengal,East,22.511404,88.387774,Tempo Delivery,Three Wheeler,5,15.4,89.24,-8.92,Cash,Individual,Cancelled
PDR1480,2025-06-23,Mumbai,Maharashtra,West,19.087033,72.919648,Mini Truck,Three Wheeler,4,22.6,674.89,189.04,Cash,Business,Delivered
PDR1118,2025-06-24,Hyderabad,Telangana,South,17.310008,78.523703,Mini Truck,Logistics,4,23.6,186.96,-18.7,Card,Business,Cancelled
PDR1256,2025-06-24,Mumbai,Maharashtra,West,19.016736,72.905877,Parcel Delivery,Logistics,5,25.5,205.38,-20.54,Cash,Business,Cancelled
PDR1227,2025-06-24,Kolkata,West Bengal,East,22.507366,88.379311,Bike Delivery,Four Wheeler,4,24.7,789.62,178.29,Wallet,Business,Delivered
PDR1476,2025-06-25,Pune,Maharashtra,West,18.454762,73.922432,Packers & Movers,Two Wheeler,3,4.9,265.47,38.64,UPI,Business,Delivered
PDR1399,2025-06-25,Ahmedabad,Gujarat,West,22.970444,72.538749,Mini Truck,Two Wheeler,4,17.9,77.48,-7.75,Card,Individual,Cancelled
PDR1330,2025-06-25,Ahmedabad,Gujarat,West,23.049184,72.506492,Mini Truck,Three Wheeler,1,31.6,858.99,151.19,Wallet,Individual,Delivered
PDR1131,2025-06-26,Hyderabad,Telangana,South,17.40199,78.502336,Mini Truck,Logistics,3,21.1,183.43,-18.34,Wallet,Business,Cancelled
PDR1036,2025-06-28,Bengaluru,Karnataka,South,12.935434,77.548934,Bike Delivery,Logistics,3,33.1,1387.17,174.05,UPI,Business,Delivered
PDR1061,2025-06-29,Mumbai,Maharashtra,West,19.03639,72.911836,Packers & Movers,Four Wheeler,2,27.1,971.65,85.57,Card,Individual,Delivered
PDR1277,2025-06-30,Hyderabad,Telangana,South,17.321289,78.487653,Truck Delivery,Two Wheeler,3,15.7,524.93,148.04,Card,Individual,Delivered
PDR1263,2025-06-30,Hyderabad,Telangana,South,17.358136,78.461389,Food Delivery,Four Wheeler,2,27.4,967.19,170.04,Card,Business,Delivered
PDR1246,2025-07-03,Mumbai,Maharashtra,West,19.043139,72.79999,Tempo Delivery,Logistics,1,28.2,1393.03,365.34,Cash,Business,Delivered
PDR1362,2025-07-03,Hyderabad,Telangana,South,17.344465,78.482054,Bike Delivery,Four Wheeler,4,11.0,698.39,132.93,UPI,Individual,Delivered
PDR1132,2025-07-05,Kolkata,West Bengal,East,22.61676,88.34875,Tempo Delivery,Three Wheeler,5,9.0,496.49,65.47,UPI,Individual,Delivered
PDR1469,2025-07-06,Ahmedabad,Gujarat,West,23.029629,72.516981,Bike Delivery,Four Wheeler,4,22.0,919.79,153.17,Card,Business,Delivered
PDR1306,2025-07-06,Mumbai,Maharashtra,West,19.066807,72.901592,Auto Delivery,Three Wheeler,5,15.6,630.41,109.74,Cash,Individual,Delivered
PDR1015,2025-07-06,Mumbai,Maharashtra,West,19.141323,72.83603,Bike Delivery,Logistics,1,34.2,191.82,-19.18,UPI,Individual,Cancelled
PDR1428,2025-07-07,Pune,Maharashtra,West,18.54989,73.928537,Bike Delivery,Logistics,2,27.0,1283.0,381.94,UPI,Business,Delivered
PDR1114,2025-07-07,Ahmedabad,Gujarat,West,23.076919,72.554144,Mini Truck,Four Wheeler,5,27.7,867.78,151.94,Card,Business,Delivered
PDR1003,2025-07-07,Bengaluru,Karnataka,South,12.918884,77.525008,Mini Truck,Four Wheeler,3,14.6,835.7,178.56,Wallet,Individual,Delivered
PDR1386,2025-07-07,Ahmedabad,Gujarat,West,22.985939,72.636079,Truck Delivery,Three Wheeler,5,20.7,455.56,107.55,Card,Individual,Delivered
PDR1245,2025-07-08,Delhi,Delhi,North,28.635107,77.232115,Food Delivery,Four Wheeler,2,17.7,874.51,171.4,Wallet,Business,Delivered
PDR1281,2025-07-08,Ahmedabad,Gujarat,West,23.016627,72.498665,Auto Delivery,Four Wheeler,4,24.9,992.86,192.06,Wallet,Individual,Delivered
PDR1417,2025-07-08,Kolkata,West Bengal,East,22.505285,88.374436,Mini Truck,Three Wheeler,3,5.8,57.38,-5.74,UPI,Individual,Cancelled
PDR1093,2025-07-09,Pune,Maharashtra,West,18.536904,73.815956,Bike Delivery,Two Wheeler,2,15.9,457.67,44.95,Cash,Individual,Delivered
PDR1440,2025-07-09,Ahmedabad,Gujarat,West,22.993072,72.591715,Tempo Delivery,Two Wheeler,1,8.5,330.55,69.21,Card,Individual,Delivered
PDR1046,2025-07-10,Delhi,Delhi,North,28.690364,77.217961,Food Delivery,Logistics,4,11.4,1081.52,277.37,Card,Individual,Delivered
PDR1443,2025-07-10,Kolkata,West Bengal,East,22.634387,88.357263,Truck Delivery,Four Wheeler,1,12.2,680.65,77.48,Wallet,Individual,Delivered
PDR1457,2025-07-11,Kolkata,West Bengal,East,22.598703,88.379159,Parcel Delivery,Two Wheeler,5,15.7,331.06,31.83,Cash,Business,Delivered
PDR1201,2025-07-11,Bengaluru,Karnataka,South,12.978776,77.635948,Tempo Delivery,Three Wheeler,3,27.9,89.34,-8.93,Wallet,Business,Cancelled
PDR1344,2025-07-11,Ahmedabad,Gujarat,West,22.990897,72.64746,Food Delivery,Four Wheeler,5,9.7,636.08,100.38,UPI,Business,Delivered
PDR1225,2025-07-11,Kolkata,West Bengal,East,22.560093,88.349663,Parcel Delivery,Two Wheeler,3,3.5,313.89,52.36,Wallet,Individual,Delivered
PDR1278,2025-07-12,Mumbai,Maharashtra,West,19.08906,72.867558,Mini Truck,Two Wheeler,1,6.9,41.04,-4.1,Card,Individual,Cancelled
PDR1396,2025-07-14,Bengaluru,Karnataka,South,12.983657,77.58325,Packers & Movers,Four Wheeler,4,7.0,760.42,175.02,UPI,Business,Delivered
PDR1156,2025-07-15,Mumbai,Maharashtra,West,19.039384,72.89255,Food Delivery,Four Wheeler,5,19.1,787.76,173.97,Card,Business,Delivered
PDR1115,2025-07-15,Delhi,Delhi,North,28.647272,77.204772,Food Delivery,Two Wheeler,4,24.7,396.49,98.97,UPI,Business,Delivered
PDR1233,2025-07-15,Hyderabad,Telangana,South,17.365626,78.407774,Parcel Delivery,Two Wheeler,5,31.4,521.43,101.05,Card,Individual,Delivered
PDR1294,2025-07-16,Mumbai,Maharashtra,West,19.113358,72.816291,Food Delivery,Four Wheeler,3,3.9,688.01,173.84,Card,Individual,Delivered
PDR1335,2025-07-16,Pune,Maharashtra,West,18.554816,73.871605,Truck Delivery,Four Wheeler,3,17.5,796.72,204.73,Card,Business,Delivered
PDR1098,2025-07-17,Delhi,Delhi,North,28.540208,77.241892,Parcel Delivery,Two Wheeler,1,31.8,697.08,200.55,Card,Individual,Delivered
PDR1016,2025-07-17,Hyderabad,Telangana,South,17.406169,78.508065,Auto Delivery,Three Wheeler,4,4.7,368.88,59.36,Card,Individual,Delivered
PDR1105,2025-07-17,Delhi,Delhi,North,28.570967,77.279837,Tempo Delivery,Two Wheeler,3,31.8,121.95,-12.2,Card,Business,Cancelled
PDR1018,2025-07-18,Bengaluru,Karnataka,South,12.913603,77.569171,Auto Delivery,Logistics,4,33.0,199.15,-19.92,Cash,Business,Cancelled
PDR1174,2025-07-19,Ahmedabad,Gujarat,West,23.100624,72.562324,Food Delivery,Four Wheeler,1,22.3,775.84,80.11,Wallet,Individual,Delivered
PDR1452,2025-07-19,Mumbai,Maharashtra,West,19.072076,72.933556,Parcel Delivery,Two Wheeler,4,22.6,508.07,120.84,Wallet,Individual,Delivered
PDR1017,2025-07-20,Ahmedabad,Gujarat,West,23.05091,72.494054,Bike Delivery,Logistics,4,18.8,189.21,-18.92,Card,Individual,Cancelled
PDR1405,2025-07-20,Hyderabad,Telangana,South,17.341116,78.469084,Packers & Movers,Four Wheeler,5,4.8,627.94,186.84,Cash,Business,Delivered
PDR1187,2025-07-21,Ahmedabad,Gujarat,West,23.045272,72.501777,Packers & Movers,Four Wheeler,4,8.0,661.34,122.89,Wallet,Business,Delivered
PDR1047,2025-07-22,Ahmedabad,Gujarat,West,22.977189,72.538519,Packers & Movers,Three Wheeler,4,4.4,475.27,55.4,Cash,Individual,Delivered
PDR1419,2025-07-22,Chennai,Tamil Nadu,South,13.111259,80.242396,Food Delivery,Three Wheeler,2,22.8,761.02,93.56,UPI,Individual,Delivered
PDR1369,2025-07-24,Hyderabad,Telangana,South,17.462371,78.448247,Mini Truck,Four Wheeler,3,26.7,136.19,-13.62,Card,Business,Cancelled
PDR1404,2025-07-25,Kolkata,West Bengal,East,22.507336,88.414344,Auto Delivery,Logistics,3,2.0,940.17,105.87,Cash,Individual,Delivered
PDR1010,2025-07-26,Chennai,Tamil Nadu,South,13.092824,80.301983,Tempo Delivery,Four Wheeler,2,2.8,539.82,99.64,Cash,Individual,Delivered
PDR1022,2025-07-27,Pune,Maharashtra,West,18.499035,73.895767,Tempo Delivery,Three Wheeler,5,9.4,455.36,54.34,Card,Individual,Delivered
PDR1376,2025-07-27,Hyderabad,Telangana,South,17.445693,78.495826,Tempo Delivery,Logistics,4,31.9,179.38,-17.94,UPI,Business,Cancelled
PDR1257,2025-07-30,Mumbai,Maharashtra,West,19.065237,72.870932,Truck Delivery,Two Wheeler,4,35.0,526.48,100.08,UPI,Business,Delivered
PDR1324,2025-07-30,Mumbai,Maharashtra,West,19.058521,72.823089,Packers & Movers,Four Wheeler,4,26.5,119.15,-11.92,Wallet,Individual,Cancelled
PDR1186,2025-07-30,Kolkata,West Bengal,East,22.587487,88.346544,Auto Delivery,Three Wheeler,5,6.1,442.38,121.64,Cash,Business,Delivered
PDR1466,2025-07-31,Chennai,Tamil Nadu,South,13.050324,80.238391,Food Delivery,Two Wheeler,5,26.3,609.24,56.81,UPI,Individual,Delivered
PDR1341,2025-07-31,Mumbai,Maharashtra,West,19.146524,72.921846,Tempo Delivery,Four Wheeler,5,31.6,164.37,-16.44,UPI,Business,Cancelled
PDR1202,2025-08-01,Kolkata,West Bengal,East,22.581877,88.372302,Auto Delivery,Logistics,4,30.7,1242.08,304.51,Wallet,Business,Delivered
PDR1311,2025-08-01,Ahmedabad,Gujarat,West,23.069618,72.6329,Bike Delivery,Two Wheeler,5,15.0,413.44,80.52,Wallet,Individual,Delivered
PDR1352,2025-08-01,Mumbai,Maharashtra,West,19.122815,72.898073,Food Delivery,Four Wheeler,2,19.2,881.91,239.48,Cash,Individual,Delivered
PDR1209,2025-08-01,Kolkata,West Bengal,East,22.606522,88.416057,Truck Delivery,Logistics,2,29.0,213.11,-21.31,UPI,Individual,Cancelled
PDR1079,2025-08-02,Chennai,Tamil Nadu,South,13.136699,80.243843,Bike Delivery,Logistics,3,16.9,1152.21,139.41,UPI,Individual,Delivered
PDR1286,2025-08-02,Bengaluru,Karnataka,South,12.908003,77.596817,Mini Truck,Logistics,1,13.9,1191.64,294.31,Cash,Individual,Delivered
PDR1360,2025-08-02,Bengaluru,Karnataka,South,13.004599,77.61423,Truck Delivery,Logistics,2,32.1,1289.65,306.33,UPI,Individual,Delivered
PDR1450,2025-08-03,Hyderabad,Telangana,South,17.324192,78.45663,Food Delivery,Two Wheeler,5,12.8,342.99,65.97,Card,Individual,Delivered
PDR1006,2025-08-03,Ahmedabad,Gujarat,West,23.03638,72.645841,Auto Delivery,Four Wheeler,4,3.5,603.8,119.99,Wallet,Business,Delivered
PDR1290,2025-08-04,Pune,Maharashtra,West,18.448667,73.857467,Parcel Delivery,Two Wheeler,3,18.5,74.02,-7.4,Card,Business,Cancelled
PDR1038,2025-08-05,Delhi,Delhi,North,28.662994,77.287481,Packers & Movers,Four Wheeler,5,33.9,153.94,-15.39,Wallet,Business,Cancelled
PDR1484,2025-08-06,Chennai,Tamil Nadu,South,13.022452,80.223657,Truck Delivery,Two Wheeler,4,19.7,77.2,-7.72,Wallet,Business,Cancelled
PDR1468,2025-08-07,Mumbai,Maharashtra,West,19.029966,72.816189,Bike Delivery,Four Wheeler,5,30.4,138.61,-13.86,Wallet,Business,Cancelled
PDR1456,2025-08-10,Delhi,Delhi,North,28.61831,77.156455,Auto Delivery,Logistics,4,20.0,190.02,-19.0,UPI,Business,Cancelled
PDR1139,2025-08-11,Delhi,Delhi,North,28.555134,77.151967,Parcel Delivery,Two Wheeler,3,18.1,63.76,-6.38,UPI,Business,Cancelled
PDR1177,2025-08-11,Ahmedabad,Gujarat,West,23.040902,72.615341,Bike Delivery,Logistics,1,34.2,204.49,-20.45,Cash,Individual,Cancelled
PDR1424,2025-08-12,Chennai,Tamil Nadu,South,13.099397,80.312891,Truck Delivery,Four Wheeler,4,2.5,544.9,50.74,Wallet,Individual,Delivered
PDR1184,2025-08-12,Hyderabad,Telangana,South,17.335084,78.463562,Tempo Delivery,Logistics,2,23.7,1227.22,264.49,Cash,Individual,Delivered
PDR1073,2025-08-13,Mumbai,Maharashtra,West,19.049251,72.914588,Bike Delivery,Two Wheeler,2,19.9,566.98,99.19,UPI,Business,Delivered
PDR1269,2025-08-14,Chennai,Tamil Nadu,South,13.076246,80.278152,Mini Truck,Two Wheeler,5,33.3,813.78,209.57,Cash,Individual,Delivered
PDR1095,2025-08-15,Hyderabad,Telangana,South,17.380878,78.461801,Truck Delivery,Four Wheeler,4,3.7,641.52,139.3,Wallet,Individual,Delivered
PDR1262,2025-08-16,Delhi,Delhi,North,28.57666,77.164169,Bike Delivery,Four Wheeler,2,19.1,125.38,-12.54,Wallet,Business,Cancelled
PDR1349,2025-08-17,Delhi,Delhi,North,28.622326,77.188548,Bike Delivery,Two Wheeler,3,26.3,607.04,79.26,Wallet,Individual,Delivered
PDR1170,2025-08-18,Bengaluru,Karnataka,South,13.025089,77.615288,Food Delivery,Two Wheeler,5,27.1,468.9,70.88,Cash,Business,Delivered
PDR1378,2025-08-18,Bengaluru,Karnataka,South,12.91503,77.647869,Mini Truck,Three Wheeler,2,3.4,389.5,101.81,UPI,Business,Delivered
PDR1160,2025-08-19,Chennai,Tamil Nadu,South,13.051201,80.232798,Mini Truck,Three Wheeler,1,22.1,591.11,51.99,UPI,Individual,Delivered
PDR1382,2025-08-21,Pune,Maharashtra,West,18.587111,73.900906,Tempo Delivery,Two Wheeler,1,8.0,284.99,53.95,UPI,Individual,Delivered
PDR1185,2025-08-22,Hyderabad,Telangana,South,17.363871,78.459009,Food Delivery,Logistics,2,29.7,1346.45,391.52,Card,Individual,Delivered
PDR1064,2025-08-24,Ahmedabad,Gujarat,West,23.033825,72.548375,Bike Delivery,Logistics,3,14.5,172.63,-17.26,Cash,Business,Cancelled
PDR1103,2025-08-24,Mumbai,Maharashtra,West,18.996535,72.87247,Auto Delivery,Logistics,1,27.4,1252.66,302.02,Wallet,Business,Delivered
PDR1072,2025-08-25,Chennai,Tamil Nadu,South,13.102556,80.277065,Bike Delivery,Logistics,2,15.0,1163.97,323.5,Card,Individual,Delivered
PDR1361,2025-08-26,Pune,Maharashtra,West,18.470117,73.836301,Tempo Delivery,Logistics,3,30.0,1265.53,361.7,Wallet,Business,Delivered
PDR1316,2025-08-27,Mumbai,Maharashtra,West,19.106732,72.8307,Packers & Movers,Three Wheeler,5,25.0,734.56,81.85,Cash,Business,Delivered
PDR1226,2025-08-28,Delhi,Delhi,North,28.671961,77.129337,Truck Delivery,Two Wheeler,1,29.2,115.12,-11.51,UPI,Individual,Cancelled
PDR1291,2025-08-28,Chennai,Tamil Nadu,South,13.052266,80.237107,Packers & Movers,Logistics,3,33.4,1326.03,151.96,Wallet,Business,Delivered
PDR1107,2025-08-29,Mumbai,Maharashtra,West,19.126533,72.83361,Truck Delivery,Four Wheeler,5,10.6,718.18,81.77,Wallet,Individual,Delivered
PDR1308,2025-08-30,Kolkata,West Bengal,East,22.643405,88.403384,Food Delivery,Four Wheeler,1,10.6,634.17,160.47,Card,Individual,Delivered
PDR1228,2025-08-31,Mumbai,Maharashtra,West,19.091791,72.878045,Truck Delivery,Two Wheeler,1,33.1,721.11,198.57,Card,Business,Delivered
PDR1162,2025-09-01,Chennai,Tamil Nadu,South,13.143176,80.329589,Packers & Movers,Logistics,2,18.5,1157.04,189.45,UPI,Individual,Delivered
PDR1236,2025-09-02,Bengaluru,Karnataka,South,12.96266,77.673777,Parcel Delivery,Two Wheeler,2,31.7,564.24,103.98,Cash,Individual,Delivered
PDR1394,2025-09-02,Ahmedabad,Gujarat,West,23.073441,72.497822,Food Delivery,Logistics,3,11.2,978.0,81.73,Cash,Individual,Delivered
PDR1143,2025-09-02,Ahmedabad,Gujarat,West,23.049315,72.620655,Bike Delivery,Two Wheeler,5,11.5,335.62,51.0,UPI,Individual,Delivered
PDR1241,2025-09-03,Delhi,Delhi,North,28.578023,77.269334,Truck Delivery,Four Wheeler,5,26.6,131.55,-13.16,Wallet,Business,Cancelled
PDR1212,2025-09-04,Hyderabad,Telangana,South,17.427105,78.472029,Auto Delivery,Two Wheeler,3,24.9,509.59,48.45,Wallet,Business,Delivered
PDR1295,2025-09-05,Ahmedabad,Gujarat,West,23.014519,72.647737,Packers & Movers,Three Wheeler,4,11.2,461.03,38.05,UPI,Business,Delivered
PDR1056,2025-09-06,Kolkata,West Bengal,East,22.620035,88.357395,Truck Delivery,Three Wheeler,1,27.9,700.93,163.65,Cash,Business,Delivered
PDR1161,2025-09-06,Delhi,Delhi,North,28.616409,77.276103,Tempo Delivery,Three Wheeler,1,18.8,624.71,132.52,Card,Individual,Delivered
PDR1060,2025-09-06,Bengaluru,Karnataka,South,12.901372,77.5589,Mini Truck,Two Wheeler,1,24.7,72.89,-7.29,Cash,Business,Cancelled
PDR1243,2025-09-06,Bengaluru,Karnataka,South,12.987939,77.609225,Auto Delivery,Four Wheeler,3,21.1,998.74,177.34,Card,Individual,Delivered
PDR1463,2025-09-07,Chennai,Tamil Nadu,South,13.047411,80.3159,Food Delivery,Four Wheeler,2,17.2,885.33,180.37,Wallet,Business,Delivered
PDR1172,2025-09-09,Pune,Maharashtra,West,18.593396,73.798003,Auto Delivery,Logistics,2,17.7,1123.36,186.84,Wallet,Individual,Delivered
PDR1332,2025-09-10,Kolkata,West Bengal,East,22.494792,88.296736,Auto Delivery,Four Wheeler,5,6.3,612.27,103.67,Cash,Individual,Delivered
PDR1154,2025-09-11,Chennai,Tamil Nadu,South,13.074027,80.306623,Packers & Movers,Two Wheeler,1,34.6,561.33,99.58,Card,Individual,Delivered
PDR1188,2025-09-11,Kolkata,West Bengal,East,22.504929,88.293268,Truck Delivery,Logistics,2,21.8,1168.88,221.64,Cash,Business,Delivered
PDR1282,2025-09-11,Delhi,Delhi,North,28.649601,77.16109,Parcel Delivery,Two Wheeler,5,27.3,416.72,66.54,Card,Business,Delivered
PDR1178,2025-09-12,Pune,Maharashtra,West,18.533588,73.896392,Food Delivery,Four Wheeler,2,12.6,692.99,147.2,Wallet,Business,Delivered
PDR1169,2025-09-13,Hyderabad,Telangana,South,17.428089,78.408465,Food Delivery,Four Wheeler,5,13.7,759.02,183.22,UPI,Business,Delivered
PDR1331,2025-09-13,Mumbai,Maharashtra,West,19.103881,72.798615,Packers & Movers,Three Wheeler,3,35.0,116.86,-11.69,Card,Individual,Cancelled
PDR1157,2025-09-16,Hyderabad,Telangana,South,17.358371,78.499576,Mini Truck,Two Wheeler,2,34.8,726.81,129.52,UPI,Business,Delivered
PDR1248,2025-09-17,Pune,Maharashtra,West,18.441374,73.792851,Food Delivery,Three Wheeler,3,13.5,516.14,120.52,UPI,Business,Delivered
PDR1168,2025-09-17,Hyderabad,Telangana,South,17.389327,78.474873,Truck Delivery,Two Wheeler,1,9.7,39.5,-3.95,Card,Individual,Cancelled
PDR1119,2025-09-19,Delhi,Delhi,North,28.649808,77.248334,Truck Delivery,Four Wheeler,3,11.0,114.53,-11.45,Card,Business,Cancelled
PDR1028,2025-09-21,Delhi,Delhi,North,28.626425,77.134751,Bike Delivery,Logistics,4,31.3,180.01,-18.0,Cash,Business,Cancelled
PDR1305,2025-09-21,Ahmedabad,Gujarat,West,22.985517,72.550352,Food Delivery,Four Wheeler,3,27.4,875.2,173.67,UPI,Individual,Delivered
PDR1004,2025-09-22,Hyderabad,Telangana,South,17.438311,78.434438,Mini Truck,Three Wheeler,2,5.2,418.8,89.71,Cash,Business,Delivered
PDR1397,2025-09-23,Mumbai,Maharashtra,West,19.005591,72.818656,Packers & Movers,Logistics,4,33.1,1324.54,169.7,UPI,Individual,Delivered
PDR1482,2025-09-23,Mumbai,Maharashtra,West,19.025827,72.917599,Bike Delivery,Two Wheeler,2,21.3,74.39,-7.44,Card,Business,Cancelled
PDR1410,2025-09-24,Bengaluru,Karnataka,South,12.93197,77.563843,Parcel Delivery,Logistics,2,11.8,1137.69,263.54,UPI,Business,Delivered
PDR1102,2025-09-26,Chennai,Tamil Nadu,South,13.12545,80.255009,Parcel Delivery,Four Wheeler,5,14.7,774.49,121.72,Cash,Business,Delivered
PDR1425,2025-09-28,Pune,Maharashtra,West,18.448584,73.840347,Parcel Delivery,Four Wheeler,5,2.4,636.55,105.08,Cash,Individual,Delivered
PDR1001,2025-09-28,Kolkata,West Bengal,East,22.631188,88.380078,Packers & Movers,Logistics,3,27.7,1309.34,121.48,Wallet,Individual,Delivered
PDR1289,2025-09-28,Mumbai,Maharashtra,West,19.015901,72.925308,Tempo Delivery,Two Wheeler,4,27.9,621.92,156.77,Cash,Business,Delivered
PDR1390,2025-09-29,Pune,Maharashtra,West,18.479843,73.932865,Auto Delivery,Three Wheeler,2,3.9,367.42,94.29,Wallet,Business,Delivered
PDR1353,2025-09-30,Chennai,Tamil Nadu,South,13.035907,80.228803,Bike Delivery,Logistics,2,9.8,174.54,-17.45,Card,Individual,Cancelled
PDR1062,2025-10-01,Chennai,Tamil Nadu,South,13.005911,80.242233,Parcel Delivery,Four Wheeler,2,13.7,688.69,112.26,Card,Business,Delivered
PDR1389,2025-10-02,Hyderabad,Telangana,South,17.392586,78.524125,Food Delivery,Four Wheeler,5,20.9,142.79,-14.28,Card,Business,Cancelled
PDR1433,2025-10-02,Kolkata,West Bengal,East,22.621266,88.422528,Food Delivery,Logistics,2,28.7,1270.27,334.3,Cash,Individual,Delivered
PDR1408,2025-10-02,Hyderabad,Telangana,South,17.383729,78.534141,Food Delivery,Four Wheeler,3,22.4,734.6,108.47,Card,Individual,Delivered
PDR1467,2025-10-05,Mumbai,Maharashtra,West,19.002838,72.936044,Food Delivery,Four Wheeler,3,23.0,732.36,181.18,UPI,Individual,Delivered
PDR1159,2025-10-06,Ahmedabad,Gujarat,West,23.028893,72.626125,Packers & Movers,Three Wheeler,4,34.1,99.42,-9.94,Cash,Business,Cancelled
PDR1239,2025-10-07,Mumbai,Maharashtra,West,19.113532,72.845778,Parcel Delivery,Logistics,5,16.7,1166.63,294.14,UPI,Individual,Delivered
PDR1398,2025-10-10,Hyderabad,Telangana,South,17.358115,78.481154,Tempo Delivery,Three Wheeler,1,34.9,105.96,-10.6,Cash,Business,Cancelled
PDR1293,2025-10-10,Chennai,Tamil Nadu,South,13.042241,80.247637,Tempo Delivery,Two Wheeler,4,22.5,497.74,106.12,UPI,Business,Delivered
PDR1429,2025-10-11,Delhi,Delhi,North,28.599626,77.207343,Food Delivery,Four Wheeler,2,24.2,112.87,-11.29,Wallet,Business,Cancelled
PDR1110,2025-10-11,Delhi,Delhi,North,28.665849,77.184649,Auto Delivery,Logistics,5,34.7,1282.55,269.76,UPI,Business,Delivered
PDR1300,2025-10-11,Chennai,Tamil Nadu,South,13.153044,80.225977,Packers & Movers,Two Wheeler,1,2.5,31.5,-3.15,Cash,Individual,Cancelled
PDR1158,2025-10-14,Delhi,Delhi,North,28.589511,77.235386,Packers & Movers,Two Wheeler,1,7.6,291.1,71.71,Wallet,Individual,Delivered
PDR1301,2025-10-15,Chennai,Tamil Nadu,South,13.122441,80.337028,Auto Delivery,Three Wheeler,1,18.4,91.45,-9.15,Wallet,Individual,Cancelled
PDR1180,2025-10-15,Hyderabad,Telangana,South,17.355708,78.547383,Truck Delivery,Two Wheeler,3,31.3,94.89,-9.49,Wallet,Individual,Cancelled
PDR1008,2025-10-16,Ahmedabad,Gujarat,West,23.014412,72.506666,Tempo Delivery,Four Wheeler,3,4.4,577.19,154.11,Card,Individual,Delivered
PDR1111,2025-10-16,Bengaluru,Karnataka,South,13.004938,77.648522,Packers & Movers,Two Wheeler,3,30.6,72.28,-7.23,Cash,Individual,Cancelled
PDR1051,2025-10-16,Delhi,Delhi,North,28.689086,77.263739,Auto Delivery,Four Wheeler,1,17.9,882.31,144.52,Cash,Individual,Delivered
PDR1164,2025-10-16,Mumbai,Maharashtra,West,19.076411,72.861486,Food Delivery,Two Wheeler,4,22.0,472.38,55.96,Cash,Individual,Delivered
PDR1211,2025-10-16,Kolkata,West Bengal,East,22.503743,88.311881,Tempo Delivery,Four Wheeler,4,26.4,119.0,-11.9,Cash,Business,Cancelled
PDR1032,2025-10-17,Pune,Maharashtra,West,18.510108,73.893506,Parcel Delivery,Two Wheeler,1,23.8,530.71,119.18,Card,Business,Delivered
PDR1309,2025-10-18,Kolkata,West Bengal,East,22.581141,88.324681,Tempo Delivery,Logistics,4,11.5,153.39,-15.34,Cash,Individual,Cancelled
PDR1087,2025-10-18,Hyderabad,Telangana,South,17.448414,78.40878,Auto Delivery,Four Wheeler,3,33.8,1119.36,161.74,Card,Individual,Delivered
PDR1492,2025-10-19,Hyderabad,Telangana,South,17.394307,78.46222,Auto Delivery,Logistics,5,14.7,1171.92,165.11,Card,Business,Delivered
PDR1152,2025-10-20,Mumbai,Maharashtra,West,19.118665,72.821653,Tempo Delivery,Three Wheeler,4,11.1,519.43,134.06,Card,Business,Delivered
PDR1104,2025-10-20,Pune,Maharashtra,West,18.549144,73.811621,Mini Truck,Logistics,1,11.1,1056.16,173.79,UPI,Individual,Delivered
PDR1204,2025-10-24,Hyderabad,Telangana,South,17.390285,78.431973,Auto Delivery,Three Wheeler,4,11.1,493.45,138.82,Wallet,Business,Delivered
PDR1409,2025-10-25,Ahmedabad,Gujarat,West,23.065942,72.595704,Auto Delivery,Logistics,2,5.6,152.04,-15.2,Wallet,Individual,Cancelled
PDR1453,2025-10-25,Mumbai,Maharashtra,West,19.069744,72.930293,Tempo Delivery,Four Wheeler,5,23.0,867.31,184.69,Wallet,Individual,Delivered
PDR1445,2025-10-25,Delhi,Delhi,North,28.655186,77.250601,Tempo Delivery,Four Wheeler,5,8.9,100.23,-10.02,UPI,Business,Cancelled
PDR1019,2025-10-25,Kolkata,West Bengal,East,22.577344,88.322596,Food Delivery,Four Wheeler,3,9.5,111.02,-11.1,Wallet,Business,Cancelled
PDR1027,2025-10-26,Mumbai,Maharashtra,West,19.142118,72.879515,Bike Delivery,Logistics,5,11.8,155.97,-15.6,Cash,Business,Cancelled
PDR1025,2025-10-29,Ahmedabad,Gujarat,West,23.078682,72.542108,Bike Delivery,Two Wheeler,5,20.9,522.64,86.09,Wallet,Business,Delivered
PDR1495,2025-10-31,Mumbai,Maharashtra,West,19.152989,72.872301,Auto Delivery,Logistics,2,8.4,161.59,-16.16,Card,Business,Cancelled
PDR1234,2025-11-01,Bengaluru,Karnataka,South,12.984435,77.60415,Tempo Delivery,Three Wheeler,1,24.3,100.9,-10.09,Card,Business,Cancelled
PDR1145,2025-11-01,Hyderabad,Telangana,South,17.411914,78.505818,Bike Delivery,Two Wheeler,1,16.7,53.74,-5.37,UPI,Individual,Cancelled
PDR1097,2025-11-01,Bengaluru,Karnataka,South,12.978304,77.654271,Truck Delivery,Two Wheeler,5,28.1,94.77,-9.48,Wallet,Individual,Cancelled
PDR1416,2025-11-02,Pune,Maharashtra,West,18.539595,73.888412,Bike Delivery,Three Wheeler,3,13.2,457.18,40.41,Wallet,Individual,Delivered
PDR1116,2025-11-02,Ahmedabad,Gujarat,West,22.946434,72.49494,Mini Truck,Four Wheeler,5,16.7,125.24,-12.52,UPI,Individual,Cancelled
PDR1285,2025-11-06,Ahmedabad,Gujarat,West,22.969271,72.616301,Packers & Movers,Three Wheeler,5,6.9,419.49,99.02,Cash,Individual,Delivered
PDR1052,2025-11-07,Pune,Maharashtra,West,18.556579,73.897833,Tempo Delivery,Two Wheeler,4,28.8,797.85,166.54,Card,Individual,Delivered
PDR1312,2025-11-09,Ahmedabad,Gujarat,West,23.0208,72.560137,Food Delivery,Four Wheeler,1,7.3,642.67,105.82,Card,Business,Delivered
PDR1356,2025-11-09,Kolkata,West Bengal,East,22.530597,88.291838,Truck Delivery,Logistics,4,32.6,1557.07,278.39,Cash,Individual,Delivered
PDR1190,2025-11-09,Hyderabad,Telangana,South,17.430704,78.425634,Parcel Delivery,Four Wheeler,4,11.9,107.27,-10.73,UPI,Individual,Cancelled
PDR1136,2025-11-09,Bengaluru,Karnataka,South,12.967541,77.649667,Bike Delivery,Logistics,4,14.5,167.06,-16.71,Wallet,Business,Cancelled
PDR1317,2025-11-10,Mumbai,Maharashtra,West,19.071881,72.887409,Parcel Delivery,Four Wheeler,1,33.4,1122.13,106.82,Cash,Individual,Delivered
PDR1049,2025-11-12,Pune,Maharashtra,West,18.526175,73.826224,Mini Truck,Logistics,2,10.8,1021.71,238.67,Wallet,Individual,Delivered
PDR1346,2025-11-12,Bengaluru,Karnataka,South,12.958577,77.587949,Auto Delivery,Logistics,1,16.6,1211.58,112.11,Cash,Individual,Delivered
PDR1224,2025-11-14,Delhi,Delhi,North,28.664813,77.214056,Auto Delivery,Two Wheeler,2,11.7,398.2,56.78,Card,Individual,Delivered
PDR1448,2025-11-14,Chennai,Tamil Nadu,South,13.107935,80.293351,Truck Delivery,Four Wheeler,1,14.2,855.86,95.42,UPI,Individual,Delivered
PDR1296,2025-11-14,Pune,Maharashtra,West,18.452247,73.873577,Truck Delivery,Two Wheeler,1,26.4,596.38,115.9,UPI,Individual,Delivered
PDR1460,2025-11-16,Bengaluru,Karnataka,South,12.928695,77.62749,Food Delivery,Logistics,2,7.5,938.49,224.31,Wallet,Business,Delivered
PDR1086,2025-11-17,Kolkata,West Bengal,East,22.546883,88.375011,Auto Delivery,Two Wheeler,1,9.3,329.95,69.59,Card,Individual,Delivered
PDR1230,2025-11-17,Hyderabad,Telangana,South,17.421668,78.511067,Tempo Delivery,Four Wheeler,5,15.2,883.06,137.31,Wallet,Individual,Delivered
PDR1339,2025-11-18,Delhi,Delhi,North,28.538979,77.196734,Food Delivery,Two Wheeler,4,4.6,224.15,20.5,UPI,Individual,Delivered
PDR1298,2025-11-18,Hyderabad,Telangana,South,17.412529,78.500069,Truck Delivery,Four Wheeler,5,2.5,589.25,105.56,Card,Business,Delivered
PDR1380,2025-11-19,Ahmedabad,Gujarat,West,22.979924,72.525142,Tempo Delivery,Logistics,2,2.2,155.15,-15.52,Wallet,Business,Cancelled
PDR1078,2025-11-20,Hyderabad,Telangana,South,17.36491,78.417727,Auto Delivery,Logistics,5,32.4,205.46,-20.55,Card,Individual,Cancelled
PDR1148,2025-11-20,Bengaluru,Karnataka,South,12.932684,77.56018,Parcel Delivery,Four Wheeler,5,17.8,106.55,-10.66,Card,Individual,Cancelled
PDR1219,2025-11-20,Delhi,Delhi,North,28.547053,77.274708,Bike Delivery,Two Wheeler,3,29.4,713.67,166.13,UPI,Individual,Delivered
PDR1138,2025-11-21,Delhi,Delhi,North,28.643655,77.131781,Tempo Delivery,Two Wheeler,1,18.7,318.14,59.04,Cash,Business,Delivered
PDR1035,2025-11-21,Pune,Maharashtra,West,18.542225,73.904852,Bike Delivery,Logistics,5,7.4,1014.36,274.67,Wallet,Business,Delivered
PDR1254,2025-11-21,Ahmedabad,Gujarat,West,23.032897,72.630048,Food Delivery,Two Wheeler,4,26.4,448.96,48.75,Wallet,Business,Delivered
PDR1235,2025-11-21,Mumbai,Maharashtra,West,19.058078,72.823304,Mini Truck,Two Wheeler,3,19.6,337.32,29.28,UPI,Business,Delivered
PDR1134,2025-11-22,Hyderabad,Telangana,South,17.399146,78.502494,Parcel Delivery,Three Wheeler,1,14.9,579.78,47.53,Wallet,Individual,Delivered
PDR1407,2025-11-22,Pune,Maharashtra,West,18.551348,73.888798,Truck Delivery,Two Wheeler,5,24.9,533.39,110.55,Cash,Individual,Delivered
PDR1337,2025-11-23,Bengaluru,Karnataka,South,13.025579,77.541757,Auto Delivery,Two Wheeler,4,15.7,303.58,68.88,Wallet,Business,Delivered
PDR1348,2025-11-23,Chennai,Tamil Nadu,South,13.069283,80.272916,Truck Delivery,Four Wheeler,1,30.4,138.42,-13.84,Wallet,Individual,Cancelled
PDR1427,2025-11-23,Chennai,Tamil Nadu,South,13.096974,80.263385,Packers & Movers,Two Wheeler,2,8.1,339.02,51.76,Cash,Individual,Delivered
PDR1044,2025-11-23,Hyderabad,Telangana,South,17.394345,78.474576,Parcel Delivery,Two Wheeler,1,21.5,486.44,122.08,UPI,Individual,Delivered
PDR1435,2025-11-24,Hyderabad,Telangana,South,17.33833,78.46357,Food Delivery,Two Wheeler,4,26.1,558.8,166.6,Wallet,Individual,Delivered
PDR1292,2025-11-24,Bengaluru,Karnataka,South,12.999443,77.522894,Packers & Movers,Two Wheeler,3,30.1,114.64,-11.46,Cash,Business,Cancelled
PDR1411,2025-11-24,Mumbai,Maharashtra,West,19.02639,72.909978,Auto Delivery,Four Wheeler,3,6.5,630.54,115.11,UPI,Business,Delivered
PDR1146,2025-11-24,Bengaluru,Karnataka,South,12.915439,77.59886,Mini Truck,Two Wheeler,2,17.8,50.21,-5.02,Card,Business,Cancelled
PDR1465,2025-11-24,Hyderabad,Telangana,South,17.393888,78.453318,Tempo Delivery,Logistics,1,33.4,1248.23,151.24,Card,Business,Delivered
PDR1391,2025-11-25,Hyderabad,Telangana,South,17.392293,78.423595,Parcel Delivery,Logistics,3,15.6,1116.46,123.98,Cash,Business,Delivered
PDR1244,2025-11-25,Bengaluru,Karnataka,South,12.901593,77.655954,Parcel Delivery,Logistics,4,2.1,139.8,-13.98,Card,Individual,Cancelled
PDR1441,2025-11-25,Mumbai,Maharashtra,West,19.035497,72.846726,Food Delivery,Logistics,1,12.8,151.33,-15.13,Cash,Individual,Cancelled
PDR1106,2025-11-26,Delhi,Delhi,North,28.662023,77.229764,Packers & Movers,Four Wheeler,3,7.8,615.7,161.17,Card,Individual,Delivered
PDR1385,2025-11-27,Pune,Maharashtra,West,18.442208,73.90268,Tempo Delivery,Three Wheeler,1,2.3,63.07,-6.31,Card,Individual,Cancelled
PDR1130,2025-11-28,Kolkata,West Bengal,East,22.593202,88.401556,Bike Delivery,Four Wheeler,1,30.7,162.42,-16.24,UPI,Business,Cancelled
PDR1217,2025-11-30,Delhi,Delhi,North,28.588365,77.287245,Bike Delivery,Four Wheeler,1,3.6,690.62,105.45,Card,Individual,Delivered
PDR1133,2025-11-30,Pune,Maharashtra,West,18.505203,73.871567,Food Delivery,Logistics,2,8.0,1061.27,107.64,Card,Individual,Delivered
PDR1205,2025-12-02,Hyderabad,Telangana,South,17.337323,78.436176,Parcel Delivery,Three Wheeler,3,14.0,541.25,60.06,Cash,Business,Delivered
PDR1304,2025-12-04,Mumbai,Maharashtra,West,19.028045,72.896385,Auto Delivery,Four Wheeler,2,31.2,948.27,189.4,Cash,Individual,Delivered
PDR1123,2025-12-04,Pune,Maharashtra,West,18.556286,73.896566,Auto Delivery,Three Wheeler,3,24.9,120.38,-12.04,Cash,Individual,Cancelled
PDR1319,2025-12-05,Mumbai,Maharashtra,West,19.099644,72.800181,Food Delivery,Four Wheeler,3,30.2,1083.42,184.34,Wallet,Business,Delivered
PDR1329,2025-12-06,Hyderabad,Telangana,South,17.44567,78.445643,Packers & Movers,Three Wheeler,4,7.0,416.16,36.38,Cash,Business,Delivered
PDR1223,2025-12-06,Bengaluru,Karnataka,South,13.026628,77.560185,Packers & Movers,Logistics,1,19.0,1014.12,267.05,Card,Individual,Delivered
PDR1140,2025-12-07,Hyderabad,Telangana,South,17.41582,78.540798,Auto Delivery,Four Wheeler,1,26.1,792.4,94.27,UPI,Individual,Delivered
PDR1198,2025-12-07,Bengaluru,Karnataka,South,12.958478,77.528814,Bike Delivery,Four Wheeler,4,13.5,98.19,-9.82,UPI,Individual,Cancelled
PDR1393,2025-12-07,Ahmedabad,Gujarat,West,23.010898,72.544246,Bike Delivery,Four Wheeler,5,23.1,1029.9,175.56,Cash,Business,Delivered
PDR1358,2025-12-07,Pune,Maharashtra,West,18.564439,73.814208,Packers & Movers,Two Wheeler,2,12.5,59.1,-5.91,Card,Business,Cancelled
PDR1055,2025-12-07,Kolkata,West Bengal,East,22.586987,88.346659,Packers & Movers,Four Wheeler,2,28.6,1083.52,170.25,Card,Individual,Delivered
PDR1147,2025-12-09,Hyderabad,Telangana,South,17.408596,78.550385,Tempo Delivery,Four Wheeler,2,25.6,963.37,78.67,Cash,Business,Delivered
PDR1496,2025-12-09,Mumbai,Maharashtra,West,19.063474,72.804088,Auto Delivery,Logistics,5,25.7,1338.44,184.34,Card,Individual,Delivered
PDR1002,2025-12-10,Chennai,Tamil Nadu,South,13.086661,80.259811,Mini Truck,Two Wheeler,4,33.0,543.17,79.81,Cash,Individual,Delivered
PDR1327,2025-12-12,Pune,Maharashtra,West,18.590651,73.87852,Tempo Delivery,Logistics,2,33.6,1350.55,186.5,Cash,Business,Delivered
PDR1081,2025-12-13,Pune,Maharashtra,West,18.520139,73.843728,Mini Truck,Four Wheeler,1,21.4,816.01,96.95,Wallet,Individual,Delivered
PDR1388,2025-12-15,Hyderabad,Telangana,South,17.383806,78.477437,Food Delivery,Logistics,4,11.5,1030.65,94.08,Card,Individual,Delivered
PDR1121,2025-12-15,Pune,Maharashtra,West,18.440597,73.872432,Parcel Delivery,Logistics,4,3.1,999.68,181.6,UPI,Business,Delivered
PDR1364,2025-12-17,Pune,Maharashtra,West,18.510809,73.893454,Mini Truck,Four Wheeler,2,31.6,1094.04,113.29,Card,Business,Delivered
PDR1436,2025-12-18,Bengaluru,Karnataka,South,12.942002,77.550536,Parcel Delivery,Four Wheeler,5,21.6,829.73,102.67,Wallet,Individual,Delivered
PDR1273,2025-12-18,Delhi,Delhi,North,28.656073,77.265833,Auto Delivery,Three Wheeler,4,10.2,520.27,151.52,Wallet,Individual,Delivered
PDR1113,2025-12-22,Kolkata,West Bengal,East,22.506056,88.336129,Mini Truck,Four Wheeler,2,29.5,134.49,-13.45,Cash,Individual,Cancelled
PDR1284,2025-12-23,Pune,Maharashtra,West,18.58471,73.905771,Food Delivery,Three Wheeler,1,10.3,61.19,-6.12,Card,Business,Cancelled
PDR1343,2025-12-24,Bengaluru,Karnataka,South,13.046442,77.584958,Mini Truck,Logistics,2,4.5,989.91,244.55,Wallet,Individual,Delivered
PDR1368,2025-12-24,Ahmedabad,Gujarat,West,22.947691,72.596795,Packers & Movers,Four Wheeler,5,9.5,117.12,-11.71,Wallet,Business,Cancelled
PDR1191,2025-12-25,Chennai,Tamil Nadu,South,13.006891,80.194571,Tempo Delivery,Logistics,1,33.4,1274.16,195.7,UPI,Business,Delivered
PDR1363,2025-12-26,Pune,Maharashtra,West,18.4415,73.810692,Auto Delivery,Logistics,2,7.8,961.42,88.67,Cash,Business,Delivered
PDR1258,2025-12-27,Chennai,Tamil Nadu,South,13.138756,80.224619,Truck Delivery,Four Wheeler,4,30.3,132.91,-13.29,Cash,Business,Cancelled
PDR1464,2025-12-29,Mumbai,Maharashtra,West,19.148647,72.817201,Mini Truck,Logistics,5,25.3,172.62,-17.26,UPI,Business,Cancelled
PDR1192,2025-12-31,Delhi,Delhi,North,28.607777,77.205945,Bike Delivery,Three Wheeler,3,33.0,689.72,112.37,Cash,Business,Delivered
PDR1144,2025-12-31,Mumbai,Maharashtra,West,19.054634,72.861088,Tempo Delivery,Four Wheeler,3,14.4,758.82,114.89,Cash,Individual,Delivered
PDR1478,2025-12-31,Delhi,Delhi,North,28.676338,77.147385,Mini Truck,Logistics,1,8.5,1070.44,133.03,Wallet,Business,Delivered
